<?xml version="1.0" encoding="UTF-8"?>
<!--
/**
 * di.xml
 *
 * @copyright Copyright © 2017 PSS. All rights reserved.
 * @author    xsanz@pss.com
 */
-->
<config xmlns:xsi="http://www.w3.org/2001/XMLSchema-instance" xsi:noNamespaceSchemaLocation="urn:magento:framework:ObjectManager/etc/config.xsd">
    <type name="PSS\CRM\Model\Api\UserService">
        <arguments>
            <argument name="logger" xsi:type="object">\PSS\CRM\Logger\Logger</argument>
            <argument name="transportBuilder" xsi:type="object">\Magento\Framework\Mail\Template\TransportBuilder</argument>
            <argument name="soapClient" xsi:type="object">\Zend\Soap\Client</argument>
            <argument name="componentRegistrar" xsi:type="object">\Magento\Framework\Component\ComponentRegistrarInterface</argument>
            <argument name="customer" xsi:type="object">\PSS\Customer\Model\Customer</argument>
            <argument name="helper" xsi:type="object">\PSS\CRM\Helper\UserService</argument>
            <argument name="wsdl" xsi:type="string">/etc/service/wsdl/SanRemoService.wsdl</argument>
        </arguments>
    </type>
    <type name="PSS\CRM\Model\Api\AbstractModel">
        <arguments>
            <argument name="logger" xsi:type="object">\PSS\CRM\Logger\Logger</argument>
            <argument name="soapClient" xsi:type="object">\Zend\Soap\Client</argument>
            <argument name="componentRegistrar" xsi:type="object">\Magento\Framework\Component\ComponentRegistrarInterface</argument>
            <argument name="transportBuilder" xsi:type="object">\Magento\Framework\Mail\Template\TransportBuilder</argument>
        </arguments>
    </type>
    <type name="PSS\CRM\Logger\Handler">
        <arguments>
            <argument name="filesystem" xsi:type="object">\Magento\Framework\Filesystem\Driver\File</argument>
        </arguments>
    </type>
    <type name="PSS\CRM\Logger\Logger">
        <arguments>
            <argument name="name" xsi:type="string">CRM Logger</argument>
            <argument name="handlers" xsi:type="array">
                <item name="system" xsi:type="object">\PSS\CRM\Logger\Handler</item>
            </argument>
        </arguments>
    </type>
    <preference for="Alfa9\Base\Api\QueueRepositoryInterface" type="Alfa9\Base\Model\QueueRepository" />
    <type name="Magento\Framework\Console\CommandList">
        <arguments>
            <argument name="commands" xsi:type="array">
                <item name="queue" xsi:type="object">Alfa9\Base\Console\Process</item>
            </argument>
        </arguments>
    </type>
</config>